integration,count,start,end
brief-status,120,2026-09-15T00:00:00Z,2026-09-24T00:00:00Z
campaign-create,120,2026-09-15T00:00:00Z,2026-09-24T00:00:00Z
campaign-ids,120,2026-09-15T00:00:00Z,2026-09-24T00:00:00Z
registration-sync,120,2026-09-15T00:00:00Z,2026-09-24T00:00:00Z
attended-event,120,2026-09-15T00:00:00Z,2026-09-24T00:00:00Z
webinar-attribution,120,2026-09-15T00:00:00Z,2026-09-24T00:00:00Z
email-dispatch,120,2026-09-15T00:00:00Z,2026-09-24T00:00:00Z
crm-leads,120,2026-09-15T00:00:00Z,2026-09-24T00:00:00Z
crm-status,120,2026-09-15T00:00:00Z,2026-09-24T00:00:00Z
cdp-profiles,120,2026-09-15T00:00:00Z,2026-09-24T00:00:00Z
preference-ingest,120,2026-09-15T00:00:00Z,2026-09-24T00:00:00Z
preference-enforce,120,2026-09-15T00:00:00Z,2026-09-24T00:00:00Z
content-publish,120,2026-09-15T00:00:00Z,2026-09-24T00:00:00Z
personalization-feed,120,2026-09-15T00:00:00Z,2026-09-24T00:00:00Z
personalized-content,120,2026-09-15T00:00:00Z,2026-09-24T00:00:00Z
page-events,120,2026-09-15T00:00:00Z,2026-09-24T00:00:00Z
tag-events,120,2026-09-15T00:00:00Z,2026-09-24T00:00:00Z
web-warehouse,120,2026-09-15T00:00:00Z,2026-09-24T00:00:00Z
registration-crm,120,2026-09-15T00:00:00Z,2026-09-24T00:00:00Z
social-content,120,2026-09-15T00:00:00Z,2026-09-24T00:00:00Z
social-reporting,120,2026-09-15T00:00:00Z,2026-09-24T00:00:00Z
campaign-approval,120,2026-09-15T00:00:00Z,2026-09-24T00:00:00Z
review-assets,120,2026-09-15T00:00:00Z,2026-09-24T00:00:00Z
scheduler-jobs,120,2026-09-15T00:00:00Z,2026-09-24T00:00:00Z
hub-observability,120,2026-09-15T00:00:00Z,2026-09-24T00:00:00Z
warehouse-bi,120,2026-09-15T00:00:00Z,2026-09-24T00:00:00Z
warehouse-agent,120,2026-09-15T00:00:00Z,2026-09-24T00:00:00Z
product-events,120,2026-09-15T00:00:00Z,2026-09-24T00:00:00Z
product-profiles,120,2026-09-15T00:00:00Z,2026-09-24T00:00:00Z
media-audiences,120,2026-09-15T00:00:00Z,2026-09-24T00:00:00Z
media-performance,120,2026-09-15T00:00:00Z,2026-09-24T00:00:00Z
partner-leads,120,2026-09-15T00:00:00Z,2026-09-24T00:00:00Z
partner-content,120,2026-09-15T00:00:00Z,2026-09-24T00:00:00Z
partner-events,120,2026-09-15T00:00:00Z,2026-09-24T00:00:00Z
tag-configuration,120,2026-09-15T00:00:00Z,2026-09-24T00:00:00Z
campaign-reporting,120,2026-09-15T00:00:00Z,2026-09-24T00:00:00Z
email-feedback,120,2026-09-15T00:00:00Z,2026-09-24T00:00:00Z
privacy-status,120,2026-09-15T00:00:00Z,2026-09-24T00:00:00Z
seasonal-launch,0,2026-09-15T00:00:00Z,2026-09-24T00:00:00Z
